category,rank,company,domain,contact_count
Accounting Today Top 100 accounting firms,1,Deloitte,deloitte.com,0
Accounting Today Top 100 accounting firms,2,PwC,pwc.com,0
Accounting Today Top 100 accounting firms,3,Ernst & Young,ey.com,0
Accounting Today Top 100 accounting firms,4,KPMG,kpmg.com,0
Accounting Today Top 100 accounting firms,5,RSM,rsmus.com,0
Accounting Today Top 100 accounting firms,6,Baker Tilly,bakertilly.com,0
Accounting Today Top 100 accounting firms,7,BDO USA,bdo.com,0
Accounting Today Top 100 accounting firms,8,CBIZ,cbiz.com,0
Accounting Today Top 100 accounting firms,9,Grant Thornton,grantthornton.com,0
Accounting Today Top 100 accounting firms,10,Forvis Mazars,forvismazars.us,0
Accounting Today Top 100 accounting firms,11,CLA,claconnect.com,0
Accounting Today Top 100 accounting firms,12,Crowe,crowe.com,0
Accounting Today Top 100 accounting firms,13,Eisner Advisory Group,eisneramper.com,0
Accounting Today Top 100 accounting firms,14,Plante Moran,plantemoran.com,0
Accounting Today Top 100 accounting firms,15,CohnReznick,cohnreznick.com,0
Accounting Today Top 100 accounting firms,16,Citrin Cooperman,citrincooperman.com,0
Accounting Today Top 100 accounting firms,17,Cherry Bekaert,cherrybekaert.com,0
Accounting Today Top 100 accounting firms,18,Eide Bailly,eidebailly.com,0
Accounting Today Top 100 accounting firms,19,Armanino,armanino.com,0
Accounting Today Top 100 accounting firms,20,Aprio,aprio.com,0
Accounting Today Top 100 accounting firms,21,Wipfli,wipfli.com,0
Accounting Today Top 100 accounting firms,22,Withum,withum.com,0
Accounting Today Top 100 accounting firms,23,"Carr, Riggs & Ingram",cricpa.com,0
Accounting Today Top 100 accounting firms,24,Ascend,ascendtogether.com,0
Accounting Today Top 100 accounting firms,25,PKF O’Connor Davies,pkfod.com,0
Accounting Today Top 100 accounting firms,26,UHY,uhy-us.com,0
Accounting Today Top 100 accounting firms,27,Sikich,sikich.com,0
Accounting Today Top 100 accounting firms,28,Crete Professionals,cretepa.com,0
Accounting Today Top 100 accounting firms,29,Weaver,weaver.com,0
Accounting Today Top 100 accounting firms,30,Kearney & Co.,kearneyco.com,0
Accounting Today Top 100 accounting firms,31,HCVT,hcvt.com,0
Accounting Today Top 100 accounting firms,32,Novogradac & Co.,novoco.com,0
Accounting Today Top 100 accounting firms,33,BPM,bpm.com,0
Accounting Today Top 100 accounting firms,34,Whitley Penn,whitleypenn.com,0
Accounting Today Top 100 accounting firms,35,LBMC,lbmc.com,0
Accounting Today Top 100 accounting firms,36,RubinBrown,rubinbrown.com,0
Accounting Today Top 100 accounting firms,37,Doeren Mayhew,doeren.com,0
Accounting Today Top 100 accounting firms,38,"Frank, Rimerman + Co.",frankrimerman.com,0
Accounting Today Top 100 accounting firms,39,Rehmann,rehmann.com,0
Accounting Today Top 100 accounting firms,40,Cohen & Co.,cohencpa.com,0
Accounting Today Top 100 accounting firms,41,Platform Accounting Group,platformaccounting.com,0
Accounting Today Top 100 accounting firms,42,"Katz, Sapper & Miller",ksmcpa.com,0
Accounting Today Top 100 accounting firms,43,The Bonadio Group,bonadio.com,0
Accounting Today Top 100 accounting firms,44,BerryDunn,berrydunn.com,0
Accounting Today Top 100 accounting firms,45,Frazier & Deeter,frazierdeeter.com,0
Accounting Today Top 100 accounting firms,46,Schellman,schellman.com,0
Accounting Today Top 100 accounting firms,47,Elliott Davis,elliottdavis.com,0
Accounting Today Top 100 accounting firms,48,Sorren,sorren.com,0
Accounting Today Top 100 accounting firms,49,"Hill, Barth & King",hbkcpa.com,0
Accounting Today Top 100 accounting firms,50,Richey May,richeymay.com,0
Accounting Today Top 100 accounting firms,51,Warren Averett,warrenaverett.com,0
Accounting Today Top 100 accounting firms,52,Miller Cooper & Co.,millercooper.com,0
Accounting Today Top 100 accounting firms,53,Grassi,grassicpas.com,0
Accounting Today Top 100 accounting firms,54,Springline,springlineadvisory.com,0
Accounting Today Top 100 accounting firms,55,Kaufman Rossin,kaufmanrossin.com,0
Accounting Today Top 100 accounting firms,56,Anchin,anchin.com,0
Accounting Today Top 100 accounting firms,57,Blue & Co.,blueandco.com,0
Accounting Today Top 100 accounting firms,58,RKL,rklcpa.com,0
Accounting Today Top 100 accounting firms,59,Your Part-Time Controller,yptc.com,0
Accounting Today Top 100 accounting firms,60,Sax,saxllp.com,0
Accounting Today Top 100 accounting firms,61,Schneider Downs,schneiderdowns.com,0
Accounting Today Top 100 accounting firms,62,Prager Metis,pragermetis.com,0
Accounting Today Top 100 accounting firms,63,SC&H,schgroup.com,0
Accounting Today Top 100 accounting firms,64,Pinion,pinionglobal.com,0
Accounting Today Top 100 accounting firms,65,Bennett Thrasher,btcpa.net,0
Accounting Today Top 100 accounting firms,66,Smith + Howard,smith-howard.com,0
Accounting Today Top 100 accounting firms,67,Mauldin & Jenkins,mjcpa.com,0
Accounting Today Top 100 accounting firms,68,SingerLewak,singerlewak.com,0
Accounting Today Top 100 accounting firms,69,Dean Dorton,deandorton.com,0
Accounting Today Top 100 accounting firms,70,Clark Schaefer Hackett,cshco.com,0
Accounting Today Top 100 accounting firms,71,Wolf & Co.,wolfandco.com,0
Accounting Today Top 100 accounting firms,72,Aldrich,aldrichadvisors.com,0
Accounting Today Top 100 accounting firms,73,Lutz,lutz.us,0
Accounting Today Top 100 accounting firms,74,FGMK,fgmk.com,0
Accounting Today Top 100 accounting firms,75,Archer Lewis,archerlewis.com,0
Accounting Today Top 100 accounting firms,76,Anders,anderscpa.com,0
Accounting Today Top 100 accounting firms,77,PBMares,pbmares.com,0
Accounting Today Top 100 accounting firms,78,Rea,reacpa.com,0
Accounting Today Top 100 accounting firms,79,"Brown, Edwards & Co.",becpas.com,0
Accounting Today Top 100 accounting firms,80,Cain Watters & Associates,cainwatters.com,0
Accounting Today Top 100 accounting firms,81,KLR,kahnlitwin.com,0
Accounting Today Top 100 accounting firms,82,HoganTaylor,hogantaylor.com,0
Accounting Today Top 100 accounting firms,83,BMSS,bmss.com,0
Accounting Today Top 100 accounting firms,84,Sensiba,sensiba.com,0
Accounting Today Top 100 accounting firms,85,PYA,pyapc.com,0
Accounting Today Top 100 accounting firms,86,Gursey Schneider,gursey.com,0
Accounting Today Top 100 accounting firms,87,Smith Leonard,smith-leonard.com,0
Accounting Today Top 100 accounting firms,88,Clark Nuber,clarknuber.com,0
Accounting Today Top 100 accounting firms,89,GBQ,gbq.com,0
Accounting Today Top 100 accounting firms,90,HHM CPAs,hhmcpas.com,0
Accounting Today Top 100 accounting firms,91,Nichols Cauley,nicholscauley.com,0
Accounting Today Top 100 accounting firms,92,Miller Kaplan,millerkaplan.com,0
Accounting Today Top 100 accounting firms,93,AAFCPAs,aafcpa.com,0
Accounting Today Top 100 accounting firms,94,Prosperity Partners,prosperityllc.com,0
Accounting Today Top 100 accounting firms,95,Wiss & Co.,wiss.com,0
Accounting Today Top 100 accounting firms,96,Haynie & Co.,hayniecpas.com,0
Accounting Today Top 100 accounting firms,97,REDW,redw.com,0
Accounting Today Top 100 accounting firms,98,Baker Newman Noyes,bnncpa.com,0
Accounting Today Top 100 accounting firms,99,Kemper CPA Group,kempercpa.com,0
Accounting Today Top 100 accounting firms,100,YHB,yhbcpa.com,0
